36,15X53Z9B9jUNrvFpbr7D554uSc5RL7Pnkg,diners-club-international,dbuckthorpz@tmall.com,Netherlands
62,16qpYVt6YAAx4JYjzbA8SwTUHoTyB4twRF,jcb,bbarham1p@wisc.edu,Netherlands
105,13j6FKzrLgumLUqeYH4baeY5qZgiwGW5UC,jcb,linfante2w@telegraph.co.uk,Netherlands
108,1RcsodKknm8thkCL6F4Vcmo7f4A7r6ydj,maestro,rpartkya2z@cdc.gov,Netherlands
109,1HxV2jkyM3PXbsH4qGsVX3hwcAb4SMi4AD,jcb,mdory30@uiuc.edu,Netherlands
110,15cRJ4mzZd4Vgd33xbVjEtYw9c6f1WfGkC,china-unionpay,rswindle31@tmall.com,Netherlands
124,1CB7AdhTFBXmxuABm58yKmCmsvVqDjT9P1,maestro,wdarco3f@geocities.com,Netherlands
128,16DbYq1KR8DVSQu5E9WU9ohuofBm5AHB2Q,diners-club-enroute,vnapthine3j@ning.com,Netherlands
165,1KgbP1KXt5xs2sBLudwt7SZM14NZXN2yNd,jcb,hheinecke4k@altervista.org,Netherlands
189,1PktCHyic9G4aZu15Dd3N1PUf45wW4MmFs,jcb,etsar58@ovh.net,Netherlands
194,12KTfvJwTfnJn3dFtZ8KaLycn5noXetTFo,jcb,igreated5d@live.com,Netherlands
239,19KrAve717pGFqYLiQvw63yV3Ar6XabJhD,mastercard,hgolley6m@nydailynews.com,Netherlands
248,16WS73NGVmHfpuWqPkEjN9pirzG9qkgvPJ,americanexpress,mbrewer6v@facebook.com,Netherlands
255,1JtjCw3Nj42ZPgeFkgFJAPcVCyvt4sMLPh,jcb,jknowler72@nba.com,Netherlands
293,1PJgSoTde2rSpfYRYpied1y35KVke7kvXo,jcb,lropartz84@meetup.com,Netherlands
296,1A3rYCZeBfy1V1W3ypcfVdZm6TCU3TFkLv,jcb,hmcpake87@bravesites.com,Netherlands
299,1C74dmFYGZiSzsZH6Lw41bWCu8U3mTvcth,diners-club-carte-blanche,cantunez8a@booking.com,Netherlands
326,16tRkPChNu4RTqJ7tkZa52os2HZvh2hjif,americanexpress,calred91@ted.com,Netherlands
354,16Q23WzZFnnADqSq9z2oRDJZE7SJ2bFHrS,diners-club-carte-blanche,wochterlonie9t@ebay.com,Netherlands
360,1DTzwp1kZCBx9FED2678d5g5ArrefirrXW,laser,bdebeauchemp9z@imageshack.us,Netherlands
367,1FCv1LeZu798EhajuFMZg49zb5D7KTMZWE,mastercard,mmaghulla6@dmoz.org,Netherlands
379,1HZN5ZVgPqK1iVLKVMxH658kZ3pBDBcEw,jcb,tjahnelai@bbb.org,Netherlands
406,1BbeY2TE3u7ARieG5FKuSZzbLFHyBkFoQF,americanexpress,jwhitbreadb9@accuweather.com,Netherlands
436,1xVt3FxfHQvzXPhXVp6VRSEydUUVzRWK7,laser,pomannionc3@yandex.ru,Netherlands
450,15wYxjYgszjPnSwa4b3nvkdLfdBMTprQ9y,mastercard,awarringtonch@sogou.com,Netherlands
462,13FaRnAGPb53jC6cw4dQF5qM8XTGRWrY6s,americanexpress,nfitzalanct@japanpost.jp,Netherlands
467,1HHBi9Yt592V74bU5PihuSGekNhGzNGaAw,solo,aanderercy@ameblo.jp,Netherlands
486,1CUeR37xJkVY9jVoAh9UYJc4c85RpnNcmD,diners-club-enroute,hpechdh@blogs.com,Netherlands
513,18zM2XeTncgJJTm14LDhWbMeUE3nvA8NoD,jcb,fcicceralee8@vk.com,Netherlands
514,191c14CjzgK9DZGE9viRPMyGDqhc2oR46F,mastercard,meliee9@angelfire.com,Netherlands
529,14TyQs6ta2MhC2erewxosQTjmrvn2P4Gzo,jcb,chardikereo@posterous.com,Netherlands
577,12EgsYruxuyrwHi6bDC9FXqzGAmuUawHKH,jcb,ccolqueteg0@jiathis.com,Netherlands
605,1EMUu7w62n5GzRTZ4ZGTUKMwLppUyrD2Pw,visa,kcahengs@bloglines.com,Netherlands
616,1H168tEGqoEeeNDaWmNjyEiubqTz3ZdoKG,jcb,dgwilth3@mapquest.com,Netherlands
621,1MdkbruxnQR61UYstTpKsoqP3fUziVQwei,switch,mhainsh8@parallels.com,Netherlands
628,14EWQTXkWhfiQKkKn5JuD5h3EqzLatXbsQ,jcb,ccasseldinehf@kickstarter.com,Netherlands
643,1BqmYwtSwbG8qWUJyqn8TQPB4pWXAx3jMa,jcb,penglishhu@google.com.hk,Netherlands
656,1PUPePBi6wUMGZomfTqcXojjwYQk7Ha2cu,mastercard,gshirdi7@baidu.com,Netherlands
691,1BMrJy7Ac4pAyq8ciBFfGhATAgcHXaPb6P,jcb,bkidstounj6@senate.gov,Netherlands
701,1Jb4hNfMJy5g4hPtT8kQQ4bbhGdwTbnmjp,jcb,nwhittersjg@networkadvertising.org,Netherlands
711,1HsSjH6FpNqbFRckMitfzzPMvXiKHDDL3p,jcb,cguesfordjq@blogs.com,Netherlands
726,13LecqUHZxxptc47RXRDcvhDgQHwxqTKVV,solo,sbarltropk5@cargocollective.com,Netherlands
749,17qnQP62quZFAzU7QXFpHjMugPcFyoMXHm,bankcard,mbellenyks@salon.com,Netherlands
751,16pUgN3CTqFCLB2pmBSUjoxyZEreQu4AvB,jcb,callibandku@scribd.com,Netherlands
755,13MLLGGZBp6y24hg13bFA8org9qwwup2fK,americanexpress,krangerky@apple.com,Netherlands
760,1PapZUVtXEaqD14JtSUhhZcPWR61aNK9kS,jcb,sbathaml3@twitter.com,Netherlands
774,1Myco7rqZBPkR5XdyfqkPot9aPPvJvFZS9,switch,parrighettilh@sogou.com,Netherlands
785,12N2XC2Mxzu6eLd2CTQkS8NKtdYTXvr2kS,switch,mdenajerals@sourceforge.net,Netherlands
798,15tgDNJrxLs78sVijcBeCriRURp24JDqB9,jcb,jhugninm5@ocn.ne.jp,Netherlands
812,1Mr6usqpuYeS431Vzycq8GpwuMCipdP3mw,jcb,pshortenmj@vimeo.com,Netherlands
837,1E7ZJuTeuSG8Sj4ocNWMymJLERfD1qDYA7,jcb,ydowningn8@fastcompany.com,Netherlands
845,18UeESWffKqdqg23yfZfZcYAkPVT6cmuD6,laser,omockettng@redcross.org,Netherlands
862,1GcWp25A1odq7XCoG6HyiCJ2UYDREWrgVP,solo,pmazellanx@cocolog-nifty.com,Netherlands
873,1N75fjtmFdQJmMpacg4oUdt7cWYJXpdKD1,china-unionpay,lmcgillivrieo8@columbia.edu,Netherlands
881,16y7pXoKxg3WrBumhLPq3JoTjhCNtCgEMq,solo,pfenechog@de.vu,Netherlands
894,1HTBF19dSGssNoC8VWcv3BWbBpi7jYvEZd,switch,mcicconeot@mac.com,Netherlands
914,16FJCTiriaZCgyfnWCiJnua1Bka3aBjgrt,jcb,qwellesleypd@forbes.com,Netherlands
942,1JK5tVtebu1Dd2gAXcTaS1UCB5BMGijuqa,jcb,dcrepinq5@wisc.edu,Netherlands
954,1MQGXo6xCKnPkRfTyjUyrQ2b4DtxxgoKyG,jcb,rizkovitzqh@thetimes.co.uk,Netherlands
964,1HWtSdZgMPTEdzHTAhmnAcFHf3MTasz7zE,diners-club-carte-blanche,atartqr@miitbeian.gov.cn,Netherlands
981,19158kwDCddVMpQPUKdLz33yfks1cKbKPE,diners-club-carte-blanche,gschurcker8@army.mil,Netherlands
984,1LCEj6JuVMjBt6wstfNCofLwWgsgm99NMZ,visa-electron,btodeorb@discuz.net,Netherlands
